Feature,Importance
INTUBED,0.17554341
PNEUMONIA,0.15229332
COPD,0.06054671
ASTHMA,0.05953522
AGE_PNEUMONIA,0.058570717
AGE,0.0512815
HIPERTENSION,0.049649075
RENAL_CHRONIC,0.048468478
INMSUPR,0.047402736
CARDIOVASCULAR,0.046963986
TOBACCO,0.045972306
DIABETES,0.04451104
OBESITY,0.04152831
OTHER_DISEASE,0.04009925
SEX,0.039433405
PREGNANT,0.03820051
