Model,Accuracy,AUC-ROC
Random Forest,0.85,0.8
XGBoost,0.8225743849404127,0.7552988906534703
