Feature,Importance
AGE_PNEUMONIA,0.3483989601258081
AGE,0.2694765709961573
PNEUMONIA,0.1401314760699034
HIPERTENSION,0.049841868024881636
DIABETES,0.044849021958261834
OBESITY,0.043660046742650095
CARDIOVASCULAR,0.036098301586595556
INMSUPR,0.03563465932257211
COPD,0.031909095173170025
